{"header": {"refTime": "2023-09-07T04:00:00.000Z", "nx": 21, "ny": 33, "lo1": 113.509, "la1": 22.2235, "lo2": 113.5947, "la2": 22.1034, "dx": 0.0042850000000001385, "dy": 0.003753125000000024, "parameterCategory": 0, "parameterCategoryName": "Temperature", "parameterNumber": 0}, "z": [[0.0, 0.0, 0.0, 0.0, 0.0, 0.0, 0.0, 0.0, 0.0, 0.0, 0.0, 0.0, 0.0, 0.0, 0.0, 0.0, 0.0, 0.0, 0.0, 0.0], [0.0, 0.0, 0.0, 0.0, 0.0, 0.0, 0.0, 0.0, 0.0, 0.0, 0.0, 0.0, 0.0, 0.0, 0.0, 0.0, 0.0, 0.0, 0.0, 0.0], [0.0, 0.0, 0.0, 0.0, 0.0, 0.0, 0.0, 0.0, 0.0, 0.0, 0.0, 0.0, 0.0, 0.0, 0.0, 0.0, 0.0, 0.0, 0.0, 0.0], [0.0, 0.0, 0.0, 0.0, 0.0, 0.0, 0.0, 0.0, 0.0, 0.0, 0.0, 0.0, 0.0, 0.0, 0.0, 0.0, 0.0, 0.0, 0.0, 0.0], [0.0, 0.0, 0.0, 0.0, 0.0, 0.0, 0.0, 0.0, 0.0, 0.0, 0.0, 0.0, 0.0, 0.0, 0.0, 0.0, 0.0, 0.0, 0.0, 0.0], [0.0, 0.0, 0.0, 0.0, 0.0, 0.0, 0.0, 0.0, 0.0, 0.0, 0.0, 0.0, 0.0, 0.0, 0.0, 0.0, 0.0, 0.0, 0.0, 0.0], [0.0, 0.0, 0.0, 0.0, 0.0, 0.0, 0.0, 0.0, 0.0, 0.0, 0.0, 0.0, 0.0, 0.0, 0.0, 0.0, 0.0, 0.0, 0.0, 0.0], [0.33, 0.33, 0.33, 0.0, 0.0, 0.0, 0.0, 0.0, 0.0, 0.0, 0.0, 0.0, 0.0, 0.0, 0.0, 0.0, 0.0, 0.0, 0.0, 0.0], [0.34, 0.34, 0.35, 0.35, 0.35, 0.33, 0.07, 0.0, 0.0, 0.0, 0.0, 0.0, 0.0, 0.0, 0.0, 0.0, 0.0, 0.0, 0.0, 0.0], [0.35, 0.36, 0.36, 0.38, 0.41, 0.49, 0.87, 0.42, 0.35, 0.33, 0.0, 0.0, 0.0, 0.0, 0.0, 0.0, 0.0, 0.0, 0.0, 0.0], [0.36, 0.37, 0.38, 0.4, 0.43, 0.5, 0.56, 0.46, 0.39, 0.36, 0.34, 0.0, 0.0, 0.0, 0.0, 0.0, 0.0, 0.0, 0.0, 0.0], [0.36, 0.37, 0.38, 0.4, 0.43, 0.46, 0.47, 0.44, 0.4, 0.37, 0.35, 0.35, 0.33, 0.0, 0.0, 0.0, 0.0, 0.0, 0.0, 0.0], [0.37, 0.37, 0.38, 0.4, 0.41, 0.43, 0.43, 0.42, 0.39, 0.38, 0.35, 0.0, 0.0, 0.0, 0.0, 0.0, 0.0, 0.0, 0.0, 0.0], [0.37, 0.37, 0.38, 0.39, 0.4, 0.41, 0.4, 0.38, 0.35, 0.31, 0.0, 0.0, 0.0, 0.0, 0.0, 0.0, 0.0, 0.0, 0.0, 0.0], [0.37, 0.37, 0.38, 0.38, 0.38, 0.37, 0.34, 0.3, 0.26, 0.0, 0.0, 0.0, 0.0, 0.0, 0.0, 0.0, 0.0, 0.0, 0.0, 0.0], [0.36, 0.36, 0.36, 0.35, 0.33, 0.31, 0.27, 0.0, 0.0, 0.0, 0.0, 0.0, 0.0, 0.0, 0.0, 0.0, 0.0, 0.0, 0.0, 0.0], [0.35, 0.34, 0.33, 0.32, 0.29, 0.0, 0.0, 0.0, 0.0, 0.0, 0.0, 0.0, 0.0, 0.0, 0.0, 0.0, 0.0, 0.0, 0.0, 0.0], [0.33, 0.32, 0.31, 0.29, 0.0, 0.0, 0.0, 0.0, 0.0, 0.0, 0.0, 0.0, 0.0, 0.0, 0.0, 0.0, 0.0, 0.0, 0.0, 0.0], [0.31, 0.3, 0.0, 0.0, 0.0, 0.0, 0.0, 0.0, 0.0, 0.0, 0.0, 0.0, 0.0, 0.0, 0.0, 0.0, 0.0, 0.0, 0.0, 0.0], [0.0, 0.0, 0.0, 0.0, 0.0, 0.0, 0.0, 0.0, 0.0, 0.0, 0.0, 0.0, 0.0, 0.0, 0.0, 0.0, 0.0, 0.0, 0.0, 0.0], [0.0, 0.0, 0.0, 0.0, 0.0, 0.0, 0.0, 0.0, 0.0, 0.0, 0.0, 0.0, 0.0, 0.0, 0.0, 0.0, 0.0, 0.0, 0.98, 0.99], [0.0, 0.0, 0.0, 0.0, 0.0, 0.0, 0.0, 0.0, 0.0, 0.0, 0.0, 0.0, 0.0, 0.0, 1.01, 1.04, 1.06, 1.06, 1.06, 1.06], [0.0, 0.0, 0.0, 0.0, 0.0, 0.0, 0.0, 0.0, 0.0, 0.0, 1.03, 1.14, 1.27, 1.35, 1.33, 1.28, 1.22, 1.18, 1.15, 1.13], [0.0, 0.0, 0.0, 0.0, 0.0, 0.0, 0.0, 0.99, 1.07, 1.17, 1.32, 1.54, 1.8, 1.86, 1.69, 1.51, 1.39, 1.3, 1.24, 1.2], [0.0, 0.0, 0.0, 0.0, 0.0, 0.93, 0.96, 1.01, 1.08, 1.21, 1.42, 1.78, 2.34, 2.43, 1.98, 1.7, 1.51, 1.39, 1.31, 1.25], [0.0, 0.0, 0.0, 0.91, 0.92, 0.93, 0.94, 0.98, 1.03, 1.13, 1.34, 1.72, 2.28, 2.39, 1.98, 1.71, 1.54, 1.43, 1.35, 1.29], [0.0, 0.91, 0.91, 0.91, 0.91, 0.91, 0.91, 0.91, 0.91, 0.95, 1.1, 1.4, 1.75, 1.88, 1.77, 1.62, 1.5, 1.41, 1.34, 1.29], [0.91, 0.91, 0.91, 0.9, 0.9, 0.88, 0.86, 0.83, 0.77, 0.69, 0.71, 0.99, 1.32, 1.5, 1.53, 1.48, 1.42, 1.36, 1.31, 1.27], [0.91, 0.91, 0.9, 0.9, 0.88, 0.86, 0.83, 0.76, 0.65, 0.42, 0.22, 0.67, 1.03, 1.24, 1.33, 1.35, 1.34, 1.31, 1.28, 1.25], [0.91, 0.91, 0.9, 0.89, 0.88, 0.85, 0.81, 0.74, 0.62, 0.44, 0.33, 0.62, 0.9, 1.09, 1.2, 1.25, 1.26, 1.25, 1.24, 1.22], [0.92, 0.91, 0.9, 0.89, 0.87, 0.85, 0.81, 0.75, 0.67, 0.59, 0.58, 0.7, 0.87, 1.02, 1.11, 1.17, 1.2, 1.21, 1.2, 1.2], [0.92, 0.91, 0.9, 0.89, 0.88, 0.85, 0.82, 0.78, 0.74, 0.7, 0.72, 0.79, 0.89, 0.99, 1.07, 1.12, 1.15, 1.17, 1.17, 1.17]]}