{"header": {"refTime": "2023-08-08T15:00:00.000Z", "nx": 21, "ny": 33, "lo1": 113.509, "la1": 22.2235, "lo2": 113.5947, "la2": 22.1034, "dx": 0.0042850000000001385, "dy": 0.003753125000000024, "parameterCategory": 0, "parameterCategoryName": "Temperature", "parameterNumber": 0}, "z": [[0.0, 0.0, 0.0, 0.0, 0.0, 0.0, 0.0, 0.0, 0.0, 0.0, 0.0, 0.0, 0.0, 0.0, 0.0, 0.0, 0.0, 0.0, 0.0, 0.0], [0.0, 0.0, 0.0, 0.0, 0.0, 0.0, 0.0, 0.0, 0.0, 0.0, 0.0, 0.0, 0.0, 0.0, 0.0, 0.0, 0.0, 0.0, 0.0, 0.0], [0.0, 0.0, 0.0, 0.0, 0.0, 0.0, 0.0, 0.0, 0.0, 0.0, 0.0, 0.0, 0.0, 0.0, 0.0, 0.0, 0.0, 0.0, 0.0, 0.0], [0.0, 0.0, 0.0, 0.0, 0.0, 0.0, 0.0, 0.0, 0.0, 0.0, 0.0, 0.0, 0.0, 0.0, 0.0, 0.0, 0.0, 0.0, 0.0, 0.0], [0.0, 0.0, 0.0, 0.0, 0.0, 0.0, 0.0, 0.0, 0.0, 0.0, 0.0, 0.0, 0.0, 0.0, 0.0, 0.0, 0.0, 0.0, 0.0, 0.0], [0.0, 0.0, 0.0, 0.0, 0.0, 0.0, 0.0, 0.0, 0.0, 0.0, 0.0, 0.0, 0.0, 0.0, 0.0, 0.0, 0.0, 0.0, 0.0, 0.0], [0.0, 0.0, 0.0, 0.0, 0.0, 0.0, 0.0, 0.0, 0.0, 0.0, 0.0, 0.0, 0.0, 0.0, 0.0, 0.0, 0.0, 0.0, 0.0, 0.0], [0.33, 0.33, 0.33, 0.0, 0.0, 0.0, 0.0, 0.0, 0.0, 0.0, 0.0, 0.0, 0.0, 0.0, 0.0, 0.0, 0.0, 0.0, 0.0, 0.0], [0.34, 0.34, 0.35, 0.35, 0.35, 0.33, 0.07, 0.0, 0.0, 0.0, 0.0, 0.0, 0.0, 0.0, 0.0, 0.0, 0.0, 0.0, 0.0, 0.0], [0.35, 0.36, 0.36, 0.38, 0.41, 0.49, 0.87, 0.42, 0.35, 0.33, 0.0, 0.0, 0.0, 0.0, 0.0, 0.0, 0.0, 0.0, 0.0, 0.0], [0.36, 0.37, 0.38, 0.4, 0.43, 0.5, 0.56, 0.46, 0.39, 0.36, 0.34, 0.0, 0.0, 0.0, 0.0, 0.0, 0.0, 0.0, 0.0, 0.0], [0.36, 0.37, 0.38, 0.4, 0.43, 0.46, 0.47, 0.44, 0.4, 0.37, 0.35, 0.35, 0.33, 0.0, 0.0, 0.0, 0.0, 0.0, 0.0, 0.0], [0.37, 0.37, 0.38, 0.4, 0.41, 0.43, 0.43, 0.42, 0.39, 0.38, 0.35, 0.0, 0.0, 0.0, 0.0, 0.0, 0.0, 0.0, 0.0, 0.0], [0.37, 0.37, 0.38, 0.39, 0.4, 0.41, 0.4, 0.38, 0.35, 0.31, 0.0, 0.0, 0.0, 0.0, 0.0, 0.0, 0.0, 0.0, 0.0, 0.0], [0.37, 0.37, 0.38, 0.38, 0.38, 0.37, 0.34, 0.3, 0.26, 0.0, 0.0, 0.0, 0.0, 0.0, 0.0, 0.0, 0.0, 0.0, 0.0, 0.0], [0.36, 0.36, 0.36, 0.35, 0.33, 0.31, 0.27, 0.0, 0.0, 0.0, 0.0, 0.0, 0.0, 0.0, 0.0, 0.0, 0.0, 0.0, 0.0, 0.0], [0.35, 0.34, 0.33, 0.32, 0.29, 0.0, 0.0, 0.0, 0.0, 0.0, 0.0, 0.0, 0.0, 0.0, 0.0, 0.0, 0.0, 0.0, 0.0, 0.0], [0.33, 0.32, 0.31, 0.29, 0.0, 0.0, 0.0, 0.0, 0.0, 0.0, 0.0, 0.0, 0.0, 0.0, 0.0, 0.0, 0.0, 0.0, 0.0, 0.0], [0.31, 0.3, 0.0, 0.0, 0.0, 0.0, 0.0, 0.0, 0.0, 0.0, 0.0, 0.0, 0.0, 0.0, 0.0, 0.0, 0.0, 0.0, 0.0, 0.0], [0.0, 0.0, 0.0, 0.0, 0.0, 0.0, 0.0, 0.0, 0.0, 0.0, 0.0, 0.0, 0.0, 0.0, 0.0, 0.0, 0.0, 0.0, 0.0, 0.0], [0.0, 0.0, 0.0, 0.0, 0.0, 0.0, 0.0, 0.0, 0.0, 0.0, 0.0, 0.0, 0.0, 0.0, 0.0, 0.0, 0.0, 0.0, 1.3, 1.33], [0.0, 0.0, 0.0, 0.0, 0.0, 0.0, 0.0, 0.0, 0.0, 0.0, 0.0, 0.0, 0.0, 0.0, 1.35, 1.39, 1.41, 1.42, 1.42, 1.41], [0.0, 0.0, 0.0, 0.0, 0.0, 0.0, 0.0, 0.0, 0.0, 0.0, 1.38, 1.52, 1.7, 1.8, 1.77, 1.7, 1.63, 1.58, 1.54, 1.51], [0.0, 0.0, 0.0, 0.0, 0.0, 0.0, 0.0, 1.33, 1.43, 1.57, 1.76, 2.05, 2.4, 2.48, 2.25, 2.02, 1.85, 1.73, 1.65, 1.59], [0.0, 0.0, 0.0, 1.27, 1.29, 1.33, 1.39, 1.48, 1.61, 1.78, 2.05, 2.49, 3.17, 3.27, 2.66, 2.27, 2.02, 1.86, 1.75, 1.67], [1.28, 1.29, 1.31, 1.33, 1.37, 1.42, 1.5, 1.6, 1.74, 1.92, 2.21, 2.63, 3.24, 3.32, 2.77, 2.38, 2.12, 1.94, 1.82, 1.73], [1.32, 1.33, 1.36, 1.39, 1.43, 1.49, 1.57, 1.67, 1.81, 1.98, 2.22, 2.52, 2.8, 2.84, 2.62, 2.36, 2.14, 1.98, 1.86, 1.77], [1.35, 1.37, 1.4, 1.44, 1.48, 1.55, 1.62, 1.72, 1.84, 1.99, 2.17, 2.36, 2.5, 2.53, 2.43, 2.27, 2.12, 1.99, 1.88, 1.79], [1.38, 1.4, 1.44, 1.47, 1.52, 1.58, 1.66, 1.74, 1.84, 1.96, 2.09, 2.21, 2.3, 2.32, 2.27, 2.18, 2.07, 1.97, 1.88, 1.8], [1.41, 1.43, 1.46, 1.5, 1.55, 1.61, 1.67, 1.75, 1.83, 1.92, 2.02, 2.1, 2.16, 2.17, 2.14, 2.09, 2.01, 1.94, 1.86, 1.8], [1.43, 1.46, 1.49, 1.53, 1.57, 1.62, 1.68, 1.74, 1.81, 1.88, 1.95, 2.01, 2.05, 2.06, 2.05, 2.01, 1.96, 1.9, 1.84, 1.79], [1.45, 1.47, 1.51, 1.54, 1.58, 1.63, 1.68, 1.73, 1.79, 1.84, 1.89, 1.94, 1.97, 1.98, 1.97, 1.94, 1.91, 1.86, 1.82, 1.77]]}