{"header": {"refTime": "2023-09-04T08:00:00.000Z", "nx": 21, "ny": 33, "lo1": 113.509, "la1": 22.2235, "lo2": 113.5947, "la2": 22.1034, "dx": 0.0042850000000001385, "dy": 0.003753125000000024, "parameterCategory": 0, "parameterCategoryName": "Temperature", "parameterNumber": 0}, "z": [[0.0, 0.0, 0.0, 0.0, 0.0, 0.0, 0.0, 0.0, 0.0, 0.0, 0.0, 0.0, 0.0, 0.0, 0.0, 0.0, 0.0, 0.0, 0.0, 0.0], [0.0, 0.0, 0.0, 0.0, 0.0, 0.0, 0.0, 0.0, 0.0, 0.0, 0.0, 0.0, 0.0, 0.0, 0.0, 0.0, 0.0, 0.0, 0.0, 0.0], [0.0, 0.0, 0.0, 0.0, 0.0, 0.0, 0.0, 0.0, 0.0, 0.0, 0.0, 0.0, 0.0, 0.0, 0.0, 0.0, 0.0, 0.0, 0.0, 0.0], [0.0, 0.0, 0.0, 0.0, 0.0, 0.0, 0.0, 0.0, 0.0, 0.0, 0.0, 0.0, 0.0, 0.0, 0.0, 0.0, 0.0, 0.0, 0.0, 0.0], [0.0, 0.0, 0.0, 0.0, 0.0, 0.0, 0.0, 0.0, 0.0, 0.0, 0.0, 0.0, 0.0, 0.0, 0.0, 0.0, 0.0, 0.0, 0.0, 0.0], [0.0, 0.0, 0.0, 0.0, 0.0, 0.0, 0.0, 0.0, 0.0, 0.0, 0.0, 0.0, 0.0, 0.0, 0.0, 0.0, 0.0, 0.0, 0.0, 0.0], [0.0, 0.0, 0.0, 0.0, 0.0, 0.0, 0.0, 0.0, 0.0, 0.0, 0.0, 0.0, 0.0, 0.0, 0.0, 0.0, 0.0, 0.0, 0.0, 0.0], [0.0, 0.0, 0.0, 0.0, 0.0, 0.0, 0.0, 0.0, 0.0, 0.0, 0.0, 0.0, 0.0, 0.0, 0.0, 0.0, 0.0, 0.0, 0.0, 0.0], [0.0, 0.0, 0.0, 0.0, 0.0, 0.0, 0.0, 0.0, 0.0, 0.0, 0.0, 0.0, 0.0, 0.0, 0.0, 0.0, 0.0, 0.0, 0.0, 0.0], [0.0, 0.0, 0.0, 0.0, 0.0, 0.0, 0.0, 0.0, 0.0, 0.0, 0.0, 0.0, 0.0, 0.0, 0.0, 0.0, 0.0, 0.0, 0.0, 0.0], [0.0, 0.0, 0.0, 0.0, 0.0, 0.0, 0.0, 0.0, 0.0, 0.0, 0.0, 0.0, 0.0, 0.0, 0.0, 0.0, 0.0, 0.0, 0.0, 9.7], [0.0, 0.0, 0.0, 0.0, 0.0, 0.0, 0.0, 0.0, 0.0, 0.0, 0.0, 0.0, 0.0, 0.0, 0.0, 9.64, 9.64, 9.65, 9.66, 9.67], [0.0, 0.0, 0.0, 0.0, 0.0, 0.0, 0.0, 0.0, 0.0, 0.0, 0.0, 0.0, 0.0, 0.0, 9.6, 9.58, 9.59, 9.6, 9.62, 9.65], [0.0, 0.0, 0.0, 0.0, 0.0, 0.0, 0.0, 0.0, 0.0, 0.0, 0.0, 0.0, 0.0, 0.0, 9.51, 9.51, 9.52, 9.55, 9.59, 9.62], [0.0, 0.0, 0.0, 0.0, 0.0, 0.0, 0.0, 0.0, 0.0, 8.03, 0.0, 0.0, 0.0, 9.42, 9.39, 9.41, 9.45, 9.5, 9.55, 9.59], [0.0, 0.0, 0.0, 0.0, 0.0, 0.0, 0.0, 7.5, 7.25, 7.32, 0.0, 0.0, 0.0, 9.21, 9.22, 9.29, 9.38, 9.45, 9.52, 9.57], [0.0, 0.0, 0.0, 0.0, 0.0, 7.99, 7.59, 7.06, 6.42, 6.07, 7.13, 0.0, 8.99, 8.85, 9.0, 9.17, 9.31, 9.42, 9.5, 9.56], [0.0, 0.0, 0.0, 0.0, 8.29, 7.97, 7.52, 6.81, 5.62, 3.78, 5.19, 9.71, 7.97, 8.29, 8.78, 9.09, 9.28, 9.4, 9.49, 9.56], [0.0, 0.0, 8.76, 8.59, 8.38, 8.09, 7.66, 7.01, 5.87, 3.73, 6.88, 12.72, 4.43, 7.96, 8.75, 9.1, 9.29, 9.42, 9.51, 9.57], [9.05, 8.96, 8.84, 8.71, 8.53, 8.31, 8.03, 7.66, 7.29, 7.63, 11.3, 13.18, 8.98, 8.71, 9.01, 9.22, 9.37, 9.47, 9.54, 9.6], [9.12, 9.04, 8.95, 8.85, 8.74, 8.61, 8.48, 8.42, 8.6, 9.51, 11.21, 11.16, 10.06, 9.47, 9.37, 9.42, 9.48, 9.54, 0.0, 0.0], [9.19, 9.14, 9.08, 9.02, 8.96, 8.91, 8.92, 9.03, 9.4, 10.2, 10.92, 10.68, 10.21, 9.83, 0.0, 0.0, 0.0, 0.0, 0.0, 0.0], [0.0, 9.24, 9.21, 9.18, 9.17, 9.19, 9.27, 9.46, 9.83, 10.33, 10.03, 9.4, 8.64, 8.19, 0.0, 0.0, 0.0, 0.0, 0.0, 0.0], [0.0, 0.0, 0.0, 0.0, 0.0, 0.0, 0.0, 0.0, 9.59, 9.3, 8.54, 7.37, 6.03, 5.69, 0.0, 0.0, 0.0, 0.0, 0.0, 0.0], [0.0, 0.0, 0.0, 0.0, 0.0, 0.0, 0.0, 0.0, 8.1, 7.59, 6.81, 5.42, 3.07, 0.0, 0.0, 0.0, 0.0, 0.0, 0.0, 0.0], [0.0, 0.0, 0.0, 0.0, 0.0, 0.0, 0.0, 0.0, 6.77, 6.17, 5.5, 4.48, 2.7, 0.0, 0.0, 0.0, 0.0, 0.0, 0.0, 0.0], [0.0, 0.0, 0.0, 0.0, 0.0, 0.0, 0.0, 6.32, 5.58, 4.88, 4.42, 4.12, 3.74, 3.83, 0.0, 0.0, 0.0, 0.0, 0.0, 0.0], [0.0, 0.0, 0.0, 0.0, 0.0, 0.0, 0.0, 5.51, 4.53, 3.5, 3.04, 3.49, 3.95, 4.36, 0.0, 0.0, 0.0, 0.0, 0.0, 0.0], [0.0, 0.0, 0.0, 0.0, 0.0, 0.0, 0.0, 4.97, 3.81, 2.22, 1.01, 2.74, 3.82, 4.5, 0.0, 0.0, 0.0, 0.0, 0.0, 0.0], [0.0, 0.0, 0.0, 0.0, 0.0, 0.0, 5.63, 4.78, 3.71, 2.38, 1.66, 2.81, 3.86, 4.6, 0.0, 0.0, 0.0, 0.0, 0.0, 0.0], [0.0, 0.0, 0.0, 0.0, 0.0, 0.0, 5.6, 4.89, 4.09, 3.34, 3.07, 3.5, 4.18, 4.79, 5.32, 0.0, 0.0, 0.0, 0.0, 0.0], [0.0, 0.0, 0.0, 0.0, 0.0, 6.22, 5.71, 5.15, 4.59, 4.15, 4.0, 4.2, 4.61, 5.07, 5.51, 0.0, 0.0, 0.0, 0.0, 0.0]]}