{"header": {"refTime": "2023-09-01T04:00:00.000Z", "nx": 21, "ny": 33, "lo1": 113.509, "la1": 22.2235, "lo2": 113.5947, "la2": 22.1034, "dx": 0.0042850000000001385, "dy": 0.003753125000000024, "parameterCategory": 0, "parameterCategoryName": "Temperature", "parameterNumber": 0}, "z": [[0.0, 0.0, 0.0, 0.0, 0.0, 0.0, 0.0, 0.0, 0.0, 0.0, 0.0, 0.0, 0.0, 0.0, 0.0, 0.0, 0.0, 0.0, 0.0, 0.0], [0.0, 0.0, 0.0, 0.0, 0.0, 0.0, 0.0, 0.0, 0.0, 0.0, 0.0, 0.0, 0.0, 0.0, 0.0, 0.0, 0.0, 0.0, 0.0, 0.0], [0.0, 0.0, 0.0, 0.0, 0.0, 0.0, 0.0, 0.0, 0.0, 0.0, 0.0, 0.0, 0.0, 0.0, 0.0, 0.0, 0.0, 0.0, 0.0, 0.0], [0.0, 0.0, 0.0, 0.0, 0.0, 0.0, 0.0, 0.0, 0.0, 0.0, 0.0, 0.0, 0.0, 0.0, 0.0, 0.0, 0.0, 0.0, 0.0, 0.0], [0.0, 0.0, 0.0, 0.0, 0.0, 0.0, 0.0, 0.0, 0.0, 0.0, 0.0, 0.0, 0.0, 0.0, 0.0, 0.0, 0.0, 0.0, 0.0, 0.0], [0.0, 0.0, 0.0, 0.0, 0.0, 0.0, 0.0, 0.0, 0.0, 0.0, 0.0, 0.0, 0.0, 0.0, 0.0, 0.0, 0.0, 0.0, 0.0, 0.0], [0.0, 0.0, 0.0, 0.0, 0.0, 0.0, 0.0, 0.0, 0.0, 0.0, 0.0, 0.0, 0.0, 0.0, 0.0, 0.0, 0.0, 0.0, 0.0, 0.0], [0.33, 0.33, 0.33, 0.0, 0.0, 0.0, 0.0, 0.0, 0.0, 0.0, 0.0, 0.0, 0.0, 0.0, 0.0, 0.0, 0.0, 0.0, 0.0, 0.0], [0.34, 0.34, 0.35, 0.35, 0.35, 0.33, 0.07, 0.0, 0.0, 0.0, 0.0, 0.0, 0.0, 0.0, 0.0, 0.0, 0.0, 0.0, 0.0, 0.0], [0.35, 0.36, 0.36, 0.38, 0.41, 0.49, 0.87, 0.42, 0.35, 0.33, 0.0, 0.0, 0.0, 0.0, 0.0, 0.0, 0.0, 0.0, 0.0, 0.0], [0.36, 0.37, 0.38, 0.4, 0.43, 0.5, 0.56, 0.46, 0.39, 0.36, 0.34, 0.0, 0.0, 0.0, 0.0, 0.0, 0.0, 0.0, 0.0, 0.0], [0.36, 0.37, 0.38, 0.4, 0.43, 0.46, 0.47, 0.44, 0.4, 0.37, 0.35, 0.35, 0.33, 0.0, 0.0, 0.0, 0.0, 0.0, 0.0, 0.0], [0.37, 0.37, 0.38, 0.4, 0.41, 0.43, 0.43, 0.42, 0.39, 0.38, 0.35, 0.0, 0.0, 0.0, 0.0, 0.0, 0.0, 0.0, 0.0, 0.0], [0.37, 0.37, 0.38, 0.39, 0.4, 0.41, 0.4, 0.38, 0.35, 0.31, 0.0, 0.0, 0.0, 0.0, 0.0, 0.0, 0.0, 0.0, 0.0, 0.0], [0.37, 0.37, 0.38, 0.38, 0.38, 0.37, 0.34, 0.3, 0.26, 0.0, 0.0, 0.0, 0.0, 0.0, 0.0, 0.0, 0.0, 0.0, 0.0, 0.0], [0.36, 0.36, 0.36, 0.35, 0.33, 0.31, 0.27, 0.0, 0.0, 0.0, 0.0, 0.0, 0.0, 0.0, 0.0, 0.0, 0.0, 0.0, 0.0, 0.0], [0.35, 0.34, 0.33, 0.32, 0.29, 0.0, 0.0, 0.0, 0.0, 0.0, 0.0, 0.0, 0.0, 0.0, 0.0, 0.0, 0.0, 0.0, 0.0, 0.0], [0.33, 0.32, 0.31, 0.29, 0.0, 0.0, 0.0, 0.0, 0.0, 0.0, 0.0, 0.0, 0.0, 0.0, 0.0, 0.0, 0.0, 0.0, 0.0, 0.0], [0.31, 0.3, 0.0, 0.0, 0.0, 0.0, 0.0, 0.0, 0.0, 0.0, 0.0, 0.0, 0.0, 0.0, 0.0, 0.0, 0.0, 0.0, 0.0, 0.0], [0.0, 0.0, 0.0, 0.0, 0.0, 0.0, 0.0, 0.0, 0.0, 0.0, 0.0, 0.0, 0.0, 0.0, 0.0, 0.0, 0.0, 0.0, 0.0, 0.0], [0.0, 0.0, 0.0, 0.0, 0.0, 0.0, 0.0, 0.0, 0.0, 0.0, 0.0, 0.0, 0.0, 0.0, 0.0, 0.0, 0.0, 0.0, 1.63, 1.66], [0.0, 0.0, 0.0, 0.0, 0.0, 0.0, 0.0, 0.0, 0.0, 0.0, 0.0, 0.0, 0.0, 0.0, 1.68, 1.74, 1.77, 1.77, 1.77, 1.77], [0.0, 0.0, 0.0, 0.0, 0.0, 0.0, 0.0, 0.0, 0.0, 0.0, 1.72, 1.9, 2.12, 2.25, 2.22, 2.13, 2.04, 1.97, 1.92, 1.88], [0.0, 0.0, 0.0, 0.0, 0.0, 0.0, 0.0, 1.66, 1.79, 1.96, 2.19, 2.57, 2.99, 3.1, 2.82, 2.52, 2.31, 2.16, 2.06, 1.99], [0.0, 0.0, 0.0, 0.0, 0.0, 1.55, 1.6, 1.68, 1.81, 2.01, 2.37, 2.97, 3.89, 4.05, 3.31, 2.83, 2.52, 2.32, 2.18, 2.09], [0.0, 0.0, 0.0, 1.52, 1.53, 1.54, 1.57, 1.63, 1.71, 1.89, 2.23, 2.86, 3.81, 3.99, 3.29, 2.85, 2.57, 2.38, 2.24, 2.15], [0.0, 1.52, 1.52, 1.51, 1.51, 1.51, 1.51, 1.52, 1.52, 1.59, 1.83, 2.33, 2.91, 3.13, 2.94, 2.69, 2.49, 2.34, 2.23, 2.14], [1.52, 1.52, 1.51, 1.5, 1.49, 1.47, 1.44, 1.38, 1.28, 1.14, 1.19, 1.66, 2.19, 2.49, 2.54, 2.47, 2.37, 2.27, 2.19, 2.12], [1.52, 1.52, 1.51, 1.49, 1.47, 1.44, 1.38, 1.27, 1.08, 0.71, 0.37, 1.12, 1.72, 2.07, 2.22, 2.25, 2.23, 2.18, 2.13, 2.08], [1.52, 1.52, 1.5, 1.49, 1.46, 1.42, 1.35, 1.23, 1.04, 0.73, 0.56, 1.03, 1.5, 1.82, 2.0, 2.08, 2.1, 2.09, 2.07, 2.04], [1.53, 1.52, 1.5, 1.48, 1.45, 1.41, 1.35, 1.25, 1.12, 0.98, 0.97, 1.17, 1.46, 1.69, 1.86, 1.95, 2.0, 2.01, 2.01, 1.99], [1.53, 1.52, 1.5, 1.49, 1.46, 1.42, 1.37, 1.3, 1.23, 1.17, 1.19, 1.31, 1.48, 1.65, 1.78, 1.86, 1.92, 1.94, 1.95, 1.95]]}