{"header": {"refTime": "2023-08-08T14:00:00.000Z", "nx": 21, "ny": 33, "lo1": 113.509, "la1": 22.2235, "lo2": 113.5947, "la2": 22.1034, "dx": 0.0042850000000001385, "dy": 0.003753125000000024, "parameterCategory": 0, "parameterCategoryName": "Temperature", "parameterNumber": 0}, "z": [[0.0, 0.0, 0.0, 0.0, 0.0, 0.0, 0.0, 0.0, 0.0, 0.0, 0.0, 0.0, 0.0, 0.0, 0.0, 0.0, 0.0, 0.0, 0.0, 0.0], [0.0, 0.0, 0.0, 0.0, 0.0, 0.0, 0.0, 0.0, 0.0, 0.0, 0.0, 0.0, 0.0, 0.0, 0.0, 0.0, 0.0, 0.0, 0.0, 0.0], [0.0, 0.0, 0.0, 0.0, 0.0, 0.0, 0.0, 0.0, 0.0, 0.0, 0.0, 0.0, 0.0, 0.0, 0.0, 0.0, 0.0, 0.0, 0.0, 0.0], [0.0, 0.0, 0.0, 0.0, 0.0, 0.0, 0.0, 0.0, 0.0, 0.0, 0.0, 0.0, 0.0, 0.0, 0.0, 0.0, 0.0, 0.0, 0.0, 0.0], [0.0, 0.0, 0.0, 0.0, 0.0, 0.0, 0.0, 0.0, 0.0, 0.0, 0.0, 0.0, 0.0, 0.0, 0.0, 0.0, 0.0, 0.0, 0.0, 0.0], [0.0, 0.0, 0.0, 0.0, 0.0, 0.0, 0.0, 0.0, 0.0, 0.0, 0.0, 0.0, 0.0, 0.0, 0.0, 0.0, 0.0, 0.0, 0.0, 0.0], [0.0, 0.0, 0.0, 0.0, 0.0, 0.0, 0.0, 0.0, 0.0, 0.0, 0.0, 0.0, 0.0, 0.0, 0.0, 0.0, 0.0, 0.0, 0.0, 0.0], [0.0, 0.0, 0.0, 0.0, 0.0, 0.0, 0.0, 0.0, 0.0, 0.0, 0.0, 0.0, 0.0, 0.0, 0.0, 0.0, 0.0, 0.0, 0.0, 0.0], [0.0, 0.0, 0.0, 0.0, 0.0, 0.0, 0.0, 0.0, 0.0, 0.0, 0.0, 0.0, 0.0, 0.0, 0.0, 0.0, 0.0, 0.0, 0.0, 0.0], [0.0, 0.0, 0.0, 0.0, 0.0, 0.0, 0.0, 0.0, 0.0, 0.0, 0.0, 0.0, 0.0, 0.0, 0.0, 0.0, 0.0, 0.0, 0.0, 1.0], [0.0, 0.0, 0.0, 0.0, 0.0, 0.0, 0.0, 0.0, 0.0, 0.0, 0.0, 0.0, 0.0, 0.0, 0.0, 0.0, 1.01, 1.03, 1.04, 1.04], [0.0, 0.0, 0.0, 0.0, 0.0, 0.0, 0.0, 0.0, 0.0, 0.0, 0.0, 0.0, 0.0, 1.02, 1.04, 1.05, 1.05, 1.05, 1.05, 1.04], [0.0, 0.0, 0.0, 0.0, 0.0, 0.0, 0.0, 0.0, 0.0, 0.0, 0.0, 0.97, 1.01, 1.04, 1.05, 1.06, 1.06, 1.05, 1.05, 1.05], [0.0, 0.0, 0.0, 0.0, 0.0, 0.0, 0.0, 0.0, 0.0, 0.0, 0.9, 0.96, 1.03, 1.06, 1.07, 1.07, 1.06, 1.06, 1.05, 1.05], [0.0, 0.0, 0.0, 0.0, 0.0, 0.0, 0.0, 0.0, 0.0, 0.0, 0.86, 0.97, 1.05, 1.08, 1.08, 1.08, 1.07, 1.07, 1.06, 1.05], [0.0, 0.0, 0.0, 0.0, 0.0, 0.0, 0.0, 0.0, 0.0, 0.0, 0.81, 0.97, 1.09, 1.11, 1.11, 1.09, 1.08, 1.07, 1.06, 1.05], [0.0, 0.0, 0.0, 0.0, 0.0, 0.0, 0.0, 0.0, 0.0, 0.0, 0.0, 1.0, 1.14, 1.16, 1.14, 1.11, 1.09, 1.08, 1.06, 1.06], [0.0, 0.0, 0.0, 0.0, 0.0, 0.0, 0.0, 0.0, 0.0, 0.0, 0.0, 1.03, 1.3, 1.24, 1.16, 1.12, 1.09, 1.08, 1.06, 1.06], [0.0, 0.0, 0.0, 0.0, 0.0, 0.0, 0.0, 0.0, 0.0, 0.0, 0.0, 0.63, 1.96, 1.28, 1.16, 1.12, 1.09, 1.07, 1.06, 1.05], [0.0, 0.0, 0.0, 0.0, 0.0, 0.0, 0.0, 0.0, 0.0, 0.0, 0.0, 0.63, 1.04, 1.15, 1.12, 1.09, 1.08, 1.06, 1.06, 1.05], [0.0, 0.0, 0.0, 0.0, 0.0, 0.0, 0.0, 0.0, 0.0, 0.0, 0.0, 0.84, 0.95, 1.04, 1.07, 1.07, 1.06, 1.05, 3.32, 3.35], [0.0, 0.0, 0.0, 0.0, 0.0, 0.0, 0.0, 0.0, 0.0, 0.0, 0.0, 0.9, 0.95, 1.0, 3.36, 3.44, 3.46, 3.47, 3.47, 3.47], [0.0, 0.0, 0.0, 0.0, 0.0, 0.0, 0.0, 0.0, 0.0, 0.0, 2.41, 2.67, 2.97, 3.15, 3.94, 3.85, 3.76, 3.68, 3.63, 3.59], [0.0, 0.0, 0.0, 0.0, 0.0, 0.0, 0.0, 2.32, 2.5, 2.74, 3.07, 3.59, 4.19, 4.33, 4.6, 4.28, 4.05, 3.89, 3.78, 3.7], [0.0, 0.0, 0.0, 0.0, 0.0, 2.18, 2.24, 2.35, 2.53, 2.81, 3.31, 4.16, 5.45, 5.67, 4.63, 4.62, 4.28, 4.06, 3.91, 3.81], [0.0, 0.0, 0.0, 2.13, 2.14, 2.16, 2.2, 2.28, 2.4, 2.64, 3.13, 4.01, 5.33, 5.58, 4.61, 3.99, 4.28, 4.09, 3.95, 3.86], [0.0, 2.12, 2.12, 2.12, 2.12, 2.12, 2.12, 2.12, 2.13, 2.22, 2.56, 3.26, 4.08, 4.38, 4.12, 3.77, 3.49, 4.0, 3.89, 3.81], [2.13, 2.12, 2.12, 2.11, 2.09, 2.06, 2.02, 1.93, 1.79, 1.6, 1.66, 2.32, 3.07, 3.49, 3.56, 3.46, 3.32, 3.87, 3.81, 3.75], [2.13, 2.12, 2.11, 2.09, 2.06, 2.01, 1.93, 1.78, 1.51, 0.99, 0.51, 1.57, 2.4, 2.89, 3.11, 3.15, 3.12, 3.05, 3.71, 3.68], [2.13, 2.12, 2.1, 2.08, 2.04, 1.98, 1.89, 1.72, 1.45, 1.02, 0.78, 1.44, 2.1, 2.54, 2.8, 2.91, 2.94, 2.93, 3.61, 3.6], [2.14, 2.12, 2.1, 2.08, 2.04, 1.98, 1.88, 1.75, 1.57, 1.37, 1.36, 1.64, 2.04, 2.37, 2.6, 2.73, 2.79, 2.81, 2.81, 3.53], [2.14, 2.13, 2.11, 2.08, 2.04, 1.99, 1.91, 1.82, 1.72, 1.64, 1.67, 1.84, 2.07, 2.3, 2.49, 2.61, 2.68, 2.72, 2.73, 2.73]]}