{"header": {"refTime": "2023-09-01T03:00:00.000Z", "nx": 21, "ny": 33, "lo1": 113.509, "la1": 22.2235, "lo2": 113.5947, "la2": 22.1034, "dx": 0.0042850000000001385, "dy": 0.003753125000000024, "parameterCategory": 0, "parameterCategoryName": "Temperature", "parameterNumber": 0}, "z": [[0.0, 0.0, 0.0, 0.0, 0.0, 0.0, 0.0, 0.0, 0.0, 0.0, 0.0, 0.0, 0.0, 0.0, 0.0, 0.0, 0.0, 0.0, 0.0, 0.0], [0.0, 0.0, 0.0, 0.0, 0.0, 0.0, 0.0, 0.0, 0.0, 0.0, 0.0, 0.0, 0.0, 0.0, 0.0, 0.0, 0.0, 0.0, 0.0, 0.0], [0.0, 0.0, 0.0, 0.0, 0.0, 0.0, 0.0, 0.0, 0.0, 0.0, 0.0, 0.0, 0.0, 0.0, 0.0, 0.0, 0.0, 0.0, 0.0, 0.0], [0.0, 0.0, 0.0, 0.0, 0.0, 0.0, 0.0, 0.0, 0.0, 0.0, 0.0, 0.0, 0.0, 0.0, 0.0, 0.0, 0.0, 0.0, 0.0, 0.0], [0.0, 0.0, 0.0, 0.0, 0.0, 0.0, 0.0, 0.0, 0.0, 0.0, 0.0, 0.0, 0.0, 0.0, 0.0, 0.0, 0.0, 0.0, 0.0, 0.0], [0.0, 0.0, 0.0, 0.0, 0.0, 0.0, 0.0, 0.0, 0.0, 0.0, 0.0, 0.0, 0.0, 0.0, 0.0, 0.0, 0.0, 0.0, 0.0, 0.0], [0.34, 0.34, 0.33, 0.0, 0.0, 0.0, 0.0, 0.0, 0.0, 0.0, 0.0, 0.0, 0.0, 0.0, 0.0, 0.0, 0.0, 0.0, 0.0, 0.0], [0.67, 0.67, 0.67, 0.35, 0.35, 0.34, 0.0, 0.0, 0.0, 0.0, 0.0, 0.0, 0.0, 0.0, 0.0, 0.0, 0.0, 0.0, 0.0, 0.0], [0.68, 0.69, 0.69, 0.7, 0.71, 0.75, 0.94, 0.37, 0.31, 0.0, 0.0, 0.0, 0.0, 0.0, 0.0, 0.0, 0.0, 0.0, 0.0, 0.0], [0.69, 0.7, 0.71, 0.72, 0.75, 0.82, 0.96, 0.76, 0.68, 0.66, 0.0, 0.0, 0.0, 0.0, 0.0, 0.0, 0.0, 0.0, 0.0, 0.0], [0.7, 0.7, 0.72, 0.73, 0.76, 0.8, 0.83, 0.77, 0.71, 0.68, 0.67, 0.0, 0.0, 0.0, 0.0, 0.0, 0.0, 0.0, 0.0, 0.0], [0.7, 0.71, 0.72, 0.74, 0.75, 0.77, 0.77, 0.75, 0.72, 0.7, 0.68, 0.67, 0.33, 0.0, 0.0, 0.0, 0.0, 0.0, 0.0, 0.0], [0.7, 0.71, 0.72, 0.73, 0.74, 0.75, 0.75, 0.74, 0.72, 0.7, 0.35, 0.0, 0.0, 0.0, 0.0, 0.0, 0.0, 0.0, 0.0, 0.0], [0.7, 0.71, 0.72, 0.72, 0.73, 0.73, 0.72, 0.7, 0.35, 0.31, 0.0, 0.0, 0.0, 0.0, 0.0, 0.0, 0.0, 0.0, 0.0, 0.0], [0.7, 0.71, 0.71, 0.71, 0.69, 0.68, 0.34, 0.3, 0.26, 0.0, 0.0, 0.0, 0.0, 0.0, 0.0, 0.0, 0.0, 0.0, 0.0, 0.0], [0.69, 0.69, 0.68, 0.35, 0.33, 0.31, 0.27, 0.0, 0.0, 0.0, 0.0, 0.0, 0.0, 0.0, 0.0, 0.0, 0.0, 0.0, 0.0, 0.0], [0.67, 0.34, 0.33, 0.32, 0.29, 0.0, 0.0, 0.0, 0.0, 0.0, 0.0, 0.0, 0.0, 0.0, 0.0, 0.0, 0.0, 0.0, 0.0, 0.0], [0.33, 0.32, 0.31, 0.29, 0.0, 0.0, 0.0, 0.0, 0.0, 0.0, 0.0, 0.0, 0.0, 0.0, 0.0, 0.0, 0.0, 0.0, 0.0, 0.0], [0.31, 0.3, 0.0, 0.0, 0.0, 0.0, 0.0, 0.0, 0.0, 0.0, 0.0, 0.0, 0.0, 0.0, 0.0, 0.0, 0.0, 0.0, 0.0, 0.0], [0.0, 0.0, 0.0, 0.0, 0.0, 0.0, 0.0, 0.0, 0.0, 0.0, 0.0, 0.0, 0.0, 0.0, 0.0, 0.0, 0.0, 0.0, 0.0, 0.0], [0.0, 0.0, 0.0, 0.0, 0.0, 0.0, 0.0, 0.0, 0.0, 0.0, 0.0, 0.0, 0.0, 0.0, 0.0, 0.0, 0.0, 0.0, 3.91, 3.98], [0.0, 0.0, 0.0, 0.0, 0.0, 0.0, 0.0, 0.0, 0.0, 0.0, 0.0, 0.0, 0.0, 0.0, 4.04, 4.18, 4.24, 4.25, 4.25, 4.24], [0.0, 0.0, 0.0, 0.0, 0.0, 0.0, 0.0, 0.0, 0.0, 0.0, 4.14, 4.57, 5.09, 5.4, 5.32, 5.1, 4.9, 4.73, 4.61, 4.52], [0.0, 0.0, 0.0, 0.0, 0.0, 0.0, 0.0, 3.98, 4.29, 4.7, 5.27, 6.16, 7.19, 7.43, 6.76, 6.05, 5.54, 5.19, 4.95, 4.78], [0.0, 0.0, 0.0, 0.0, 0.0, 3.73, 3.84, 4.02, 4.33, 4.82, 5.68, 7.13, 9.35, 9.72, 7.93, 6.8, 6.06, 5.57, 5.24, 5.01], [0.0, 0.0, 0.0, 3.65, 3.67, 3.71, 3.78, 3.9, 4.11, 4.53, 5.36, 6.87, 9.14, 9.57, 7.91, 6.83, 6.16, 5.7, 5.38, 5.15], [0.0, 3.64, 3.64, 3.63, 3.63, 3.63, 3.63, 3.64, 3.65, 3.81, 4.38, 5.58, 6.99, 7.51, 7.06, 6.46, 5.99, 5.62, 5.35, 5.14], [3.65, 3.64, 3.63, 3.61, 3.58, 3.54, 3.46, 3.31, 3.06, 2.74, 2.85, 3.98, 5.26, 5.98, 6.1, 5.93, 5.68, 5.45, 5.25, 5.08], [3.66, 3.64, 3.62, 3.58, 3.53, 3.45, 3.31, 3.05, 2.59, 1.7, 0.88, 2.7, 4.12, 4.96, 5.33, 5.41, 5.35, 5.24, 5.11, 4.99], [3.66, 3.64, 3.61, 3.57, 3.5, 3.4, 3.23, 2.95, 2.49, 1.75, 1.34, 2.47, 3.6, 4.36, 4.79, 4.99, 5.04, 5.02, 4.96, 4.89], [3.66, 3.64, 3.61, 3.56, 3.49, 3.39, 3.23, 3.0, 2.68, 2.36, 2.32, 2.82, 3.5, 4.07, 4.46, 4.68, 4.79, 4.82, 4.81, 4.78], [3.67, 3.65, 3.61, 3.57, 3.5, 3.41, 3.28, 3.12, 2.94, 2.82, 2.87, 3.15, 3.56, 3.95, 4.26, 4.47, 4.6, 4.66, 4.68, 4.68]]}