{"header": {"refTime": "2023-09-01T01:00:00.000Z", "nx": 21, "ny": 33, "lo1": 113.509, "la1": 22.2235, "lo2": 113.5947, "la2": 22.1034, "dx": 0.0042850000000001385, "dy": 0.003753125000000024, "parameterCategory": 0, "parameterCategoryName": "Temperature", "parameterNumber": 0}, "z": [[0.0, 0.0, 0.0, 0.0, 0.0, 0.0, 0.0, 0.0, 0.0, 0.0, 0.0, 0.0, 0.0, 0.0, 0.0, 0.0, 0.0, 0.0, 0.0, 0.0], [0.0, 0.0, 0.0, 0.0, 0.0, 0.0, 0.0, 0.0, 0.0, 0.0, 0.0, 0.0, 0.0, 0.0, 0.0, 0.0, 0.0, 0.0, 0.0, 0.0], [0.0, 0.0, 0.0, 0.0, 0.0, 0.0, 0.0, 0.0, 0.0, 0.0, 0.0, 0.0, 0.0, 0.0, 0.0, 0.0, 0.0, 0.0, 0.0, 0.0], [0.0, 0.0, 0.0, 0.0, 0.0, 0.0, 0.0, 0.0, 0.0, 0.0, 0.0, 0.0, 0.0, 0.0, 0.0, 0.0, 0.0, 0.0, 0.0, 0.0], [0.0, 0.0, 0.0, 0.0, 0.0, 0.0, 0.0, 0.0, 0.0, 0.0, 0.0, 0.0, 0.0, 0.0, 0.0, 0.0, 0.0, 0.0, 0.0, 0.0], [0.0, 0.0, 0.0, 0.0, 0.0, 0.0, 0.0, 0.0, 0.0, 0.0, 0.0, 0.0, 0.0, 0.0, 0.0, 0.0, 0.0, 0.0, 0.0, 0.0], [0.34, 0.34, 0.33, 0.0, 0.0, 0.0, 0.0, 0.0, 0.0, 0.0, 0.0, 0.0, 0.0, 0.0, 0.0, 0.0, 0.0, 0.0, 0.0, 0.0], [0.67, 0.67, 0.67, 0.35, 0.35, 0.34, 0.0, 0.0, 0.0, 0.0, 0.0, 0.0, 0.0, 0.0, 0.0, 0.0, 0.0, 0.0, 0.0, 0.0], [0.68, 0.69, 0.69, 0.7, 0.71, 0.75, 0.94, 0.37, 0.31, 0.0, 0.0, 0.0, 0.0, 0.0, 0.0, 0.0, 0.0, 0.0, 0.0, 0.0], [0.69, 0.7, 0.71, 0.72, 0.75, 0.82, 0.96, 0.76, 0.68, 0.66, 0.0, 0.0, 0.0, 0.0, 0.0, 0.0, 0.0, 0.0, 0.0, 0.0], [0.7, 0.7, 0.72, 0.73, 0.76, 0.8, 0.83, 0.77, 0.71, 0.68, 0.67, 0.0, 0.0, 0.0, 0.0, 0.0, 0.0, 0.0, 0.0, 0.0], [0.7, 0.71, 0.72, 0.74, 0.75, 0.77, 0.77, 0.75, 0.72, 0.7, 0.68, 0.67, 0.33, 0.0, 0.0, 0.0, 0.0, 0.0, 0.0, 0.0], [0.7, 0.71, 0.72, 0.73, 0.74, 0.75, 0.75, 0.74, 0.72, 0.7, 0.35, 0.0, 0.0, 0.0, 0.0, 0.0, 0.0, 0.0, 0.0, 0.0], [0.7, 0.71, 0.72, 0.72, 0.73, 0.73, 0.72, 0.7, 0.35, 0.31, 0.0, 0.0, 0.0, 0.0, 0.0, 0.0, 0.0, 0.0, 0.0, 0.0], [0.7, 0.71, 0.71, 0.71, 0.69, 0.68, 0.34, 0.3, 0.26, 0.0, 0.0, 0.0, 0.0, 0.0, 0.0, 0.0, 0.0, 0.0, 0.0, 0.0], [0.69, 0.69, 0.68, 0.35, 0.33, 0.31, 0.27, 0.0, 0.0, 0.0, 0.0, 0.0, 0.0, 0.0, 0.0, 0.0, 0.0, 0.0, 0.0, 0.0], [0.67, 0.34, 0.33, 0.32, 0.29, 0.0, 0.0, 0.0, 0.0, 0.0, 0.0, 0.0, 0.0, 0.0, 0.0, 0.0, 0.0, 0.0, 0.0, 0.0], [0.33, 0.32, 0.31, 0.29, 0.0, 0.0, 0.0, 0.0, 0.0, 0.0, 0.0, 0.0, 0.0, 0.0, 0.0, 0.0, 0.0, 0.0, 0.0, 0.0], [0.31, 0.3, 0.0, 0.0, 0.0, 0.0, 0.0, 0.0, 0.0, 0.0, 0.0, 0.0, 0.0, 0.0, 0.0, 0.0, 0.0, 0.0, 0.0, 0.0], [0.0, 0.0, 0.0, 0.0, 0.0, 0.0, 0.0, 0.0, 0.0, 0.0, 0.0, 0.0, 0.0, 0.0, 0.0, 0.0, 0.0, 0.0, 0.0, 0.0], [0.0, 0.0, 0.0, 0.0, 0.0, 0.0, 0.0, 0.0, 0.0, 0.0, 0.0, 0.0, 0.0, 0.0, 0.0, 0.0, 0.0, 0.0, 2.61, 2.65], [0.0, 0.0, 0.0, 0.0, 0.0, 0.0, 0.0, 0.0, 0.0, 0.0, 0.0, 0.0, 0.0, 0.0, 2.69, 2.78, 2.82, 2.84, 2.84, 2.83], [0.0, 0.0, 0.0, 0.0, 0.0, 0.0, 0.0, 0.0, 0.0, 0.0, 2.76, 3.05, 3.4, 3.6, 3.55, 3.4, 3.26, 3.16, 3.07, 3.01], [0.0, 0.0, 0.0, 0.0, 0.0, 0.0, 0.0, 2.65, 2.86, 3.13, 3.51, 4.11, 4.79, 4.95, 4.51, 4.03, 3.69, 3.46, 3.3, 3.19], [0.0, 0.0, 0.0, 0.0, 0.0, 2.49, 2.56, 2.68, 2.89, 3.21, 3.79, 4.75, 6.23, 6.48, 5.29, 4.53, 4.04, 3.71, 3.5, 3.34], [0.0, 0.0, 0.0, 2.43, 2.44, 2.47, 2.52, 2.6, 2.74, 3.02, 3.57, 4.58, 6.09, 6.38, 5.27, 4.56, 4.11, 3.8, 3.59, 3.44], [0.0, 2.43, 2.42, 2.42, 2.42, 2.42, 2.42, 2.43, 2.44, 2.54, 2.92, 3.72, 4.66, 5.01, 4.71, 4.31, 3.99, 3.75, 3.57, 3.43], [2.44, 2.43, 2.42, 2.41, 2.39, 2.36, 2.31, 2.21, 2.04, 1.83, 1.9, 2.65, 3.51, 3.99, 4.07, 3.95, 3.79, 3.63, 3.5, 3.39], [2.44, 2.43, 2.41, 2.39, 2.36, 2.3, 2.21, 2.04, 1.73, 1.13, 0.59, 1.8, 2.75, 3.31, 3.55, 3.6, 3.56, 3.49, 3.41, 3.33], [2.44, 2.43, 2.41, 2.38, 2.33, 2.27, 2.15, 1.97, 1.66, 1.17, 0.89, 1.65, 2.4, 2.91, 3.19, 3.32, 3.36, 3.35, 3.31, 3.26], [2.44, 2.43, 2.4, 2.37, 2.33, 2.26, 2.15, 2.0, 1.79, 1.57, 1.55, 1.88, 2.33, 2.71, 2.97, 3.12, 3.19, 3.22, 3.21, 3.19], [2.45, 2.43, 2.41, 2.38, 2.33, 2.27, 2.19, 2.08, 1.96, 1.88, 1.91, 2.1, 2.37, 2.63, 2.84, 2.98, 3.07, 3.11, 3.12, 3.12]]}