{"header": {"refTime": "2023-09-01T00:00:00.000Z", "nx": 21, "ny": 33, "lo1": 113.509, "la1": 22.2235, "lo2": 113.5947, "la2": 22.1034, "dx": 0.0042850000000001385, "dy": 0.003753125000000024, "parameterCategory": 0, "parameterCategoryName": "Temperature", "parameterNumber": 0}, "z": [[0.0, 0.0, 0.0, 0.0, 0.0, 0.0, 0.0, 0.0, 0.0, 0.0, 0.0, 0.0, 0.0, 0.0, 0.0, 0.0, 0.0, 0.0, 0.0, 0.0], [0.0, 0.0, 0.0, 0.0, 0.0, 0.0, 0.0, 0.0, 0.0, 0.0, 0.0, 0.0, 0.0, 0.0, 0.0, 0.0, 0.0, 0.0, 0.0, 0.0], [0.0, 0.0, 0.0, 0.0, 0.0, 0.0, 0.0, 0.0, 0.0, 0.0, 0.0, 0.0, 0.0, 0.0, 0.0, 0.0, 0.0, 0.0, 0.0, 0.0], [0.0, 0.0, 0.0, 0.0, 0.0, 0.0, 0.0, 0.0, 0.0, 0.0, 0.0, 0.0, 0.0, 0.0, 0.0, 0.0, 0.0, 0.0, 0.0, 0.0], [0.0, 0.0, 0.0, 0.0, 0.0, 0.0, 0.0, 0.0, 0.0, 0.0, 0.0, 0.0, 0.0, 0.0, 0.0, 0.0, 0.0, 0.0, 0.0, 0.0], [0.0, 0.0, 0.0, 0.0, 0.0, 0.0, 0.0, 0.0, 0.0, 0.0, 0.0, 0.0, 0.0, 0.0, 0.0, 0.0, 0.0, 0.0, 0.0, 0.0], [0.34, 0.34, 0.33, 0.0, 0.0, 0.0, 0.0, 0.0, 0.0, 0.0, 0.0, 0.0, 0.0, 0.0, 0.0, 0.0, 0.0, 0.0, 0.0, 0.0], [0.67, 0.67, 0.67, 0.35, 0.35, 0.34, 0.0, 0.0, 0.0, 0.0, 0.0, 0.0, 0.0, 0.0, 0.0, 0.0, 0.0, 0.0, 0.0, 0.0], [0.68, 0.69, 0.69, 0.7, 0.71, 0.75, 0.94, 0.37, 0.31, 0.0, 0.0, 0.0, 0.0, 0.0, 0.0, 0.0, 0.0, 0.0, 0.0, 0.0], [0.69, 0.7, 0.71, 0.72, 0.75, 0.82, 0.96, 0.76, 0.68, 0.66, 0.0, 0.0, 0.0, 0.0, 0.0, 0.0, 0.0, 0.0, 0.0, 0.0], [0.7, 0.7, 0.72, 0.73, 0.76, 0.8, 0.83, 0.77, 0.71, 0.68, 0.67, 0.0, 0.0, 0.0, 0.0, 0.0, 0.0, 0.0, 0.0, 0.0], [0.7, 0.71, 0.72, 0.74, 0.75, 0.77, 0.77, 0.75, 0.72, 0.7, 0.68, 0.67, 0.33, 0.0, 0.0, 0.0, 0.0, 0.0, 0.0, 0.0], [0.7, 0.71, 0.72, 0.73, 0.74, 0.75, 0.75, 0.74, 0.72, 0.7, 0.35, 0.0, 0.0, 0.0, 0.0, 0.0, 0.0, 0.0, 0.0, 0.0], [0.7, 0.71, 0.72, 0.72, 0.73, 0.73, 0.72, 0.7, 0.35, 0.31, 0.0, 0.0, 0.0, 0.0, 0.0, 0.0, 0.0, 0.0, 0.0, 0.0], [0.7, 0.71, 0.71, 0.71, 0.69, 0.68, 0.34, 0.3, 0.26, 0.0, 0.0, 0.0, 0.0, 0.0, 0.0, 0.0, 0.0, 0.0, 0.0, 0.0], [0.69, 0.69, 0.68, 0.35, 0.33, 0.31, 0.27, 0.0, 0.0, 0.0, 0.0, 0.0, 0.0, 0.0, 0.0, 0.0, 0.0, 0.0, 0.0, 0.0], [0.67, 0.34, 0.33, 0.32, 0.29, 0.0, 0.0, 0.0, 0.0, 0.0, 0.0, 0.0, 0.0, 0.0, 0.0, 0.0, 0.0, 0.0, 0.0, 0.0], [0.33, 0.32, 0.31, 0.29, 0.0, 0.0, 0.0, 0.0, 0.0, 0.0, 0.0, 0.0, 0.0, 0.0, 0.0, 0.0, 0.0, 0.0, 0.0, 0.0], [0.31, 0.3, 0.0, 0.0, 0.0, 0.0, 0.0, 0.0, 0.0, 0.0, 0.0, 0.0, 0.0, 0.0, 0.0, 0.0, 0.0, 0.0, 0.0, 0.0], [0.0, 0.0, 0.0, 0.0, 0.0, 0.0, 0.0, 0.0, 0.0, 0.0, 0.0, 0.0, 0.0, 0.0, 0.0, 0.0, 0.0, 0.0, 0.0, 0.0], [0.0, 0.0, 0.0, 0.0, 0.0, 0.0, 0.0, 0.0, 0.0, 0.0, 0.0, 0.0, 0.0, 0.0, 0.0, 0.0, 0.0, 0.0, 4.24, 4.31], [0.0, 0.0, 0.0, 0.0, 0.0, 0.0, 0.0, 0.0, 0.0, 0.0, 0.0, 0.0, 0.0, 0.0, 4.37, 4.52, 4.59, 4.61, 4.61, 4.6], [0.0, 0.0, 0.0, 0.0, 0.0, 0.0, 0.0, 0.0, 0.0, 0.0, 4.48, 4.95, 5.52, 5.85, 5.76, 5.53, 5.3, 5.13, 4.99, 4.89], [0.0, 0.0, 0.0, 0.0, 0.0, 0.0, 0.0, 4.31, 4.65, 5.09, 5.71, 6.67, 7.79, 8.05, 7.33, 6.55, 6.0, 5.63, 5.37, 5.18], [0.0, 0.0, 0.0, 0.0, 0.0, 4.04, 4.16, 4.36, 4.69, 5.22, 6.15, 7.72, 10.12, 10.53, 8.6, 7.36, 6.56, 6.04, 5.68, 5.43], [0.0, 0.0, 0.0, 3.95, 3.97, 4.02, 4.09, 4.23, 4.45, 4.9, 5.81, 7.44, 9.9, 10.36, 8.57, 7.4, 6.67, 6.18, 5.83, 5.58], [0.0, 3.94, 3.94, 3.94, 3.94, 3.94, 3.94, 3.94, 3.96, 4.13, 4.75, 6.05, 7.58, 8.14, 7.65, 7.0, 6.49, 6.09, 5.8, 5.57], [3.96, 3.94, 3.93, 3.91, 3.88, 3.83, 3.75, 3.59, 3.32, 2.97, 3.09, 4.31, 5.7, 6.48, 6.61, 6.42, 6.16, 5.91, 5.69, 5.51], [3.96, 3.94, 3.92, 3.88, 3.83, 3.74, 3.59, 3.31, 2.8, 1.84, 0.96, 2.92, 4.46, 5.37, 5.77, 5.86, 5.79, 5.67, 5.54, 5.41], [3.96, 3.94, 3.91, 3.86, 3.79, 3.68, 3.5, 3.2, 2.7, 1.9, 1.45, 2.68, 3.9, 4.72, 5.19, 5.4, 5.46, 5.44, 5.38, 5.3], [3.97, 3.94, 3.91, 3.86, 3.78, 3.67, 3.5, 3.25, 2.91, 2.55, 2.52, 3.05, 3.79, 4.41, 4.83, 5.07, 5.19, 5.23, 5.22, 5.18], [3.98, 3.95, 3.91, 3.86, 3.79, 3.69, 3.56, 3.38, 3.19, 3.05, 3.11, 3.41, 3.85, 4.28, 4.62, 4.85, 4.98, 5.05, 5.07, 5.07]]}