{"header": {"refTime": "2023-09-25T11:20:00.000Z", "nx": 21, "ny": 33, "lo1": 113.509, "la1": 22.2235, "lo2": 113.5947, "la2": 22.1034, "dx": 0.0042850000000001385, "dy": 0.003753125000000024, "parameterCategory": 0, "parameterCategoryName": "Temperature", "parameterNumber": 0}, "z": [[3.75597709161337, 3.7559366319950125, 3.7559148824906003, 3.755913825045664, 3.755936919704978, 3.7559904223480327, 3.7560859421117727, 3.7562450443951008, 3.7565058402670406, 3.7569260075850854, 3.757564699513059, 3.758436416361864, 3.759489714537811, 3.760645051211342, 3.7618343167937787, 3.7630105307414765, 3.764144014008094, 3.76521772048921, 3.7662239776368946, 3.767161968479326], [3.7556049179280286, 3.755560366716044, 3.7555323059619687, 3.7555214441065403, 3.7555292443682036, 3.755558885293659, 3.7556176385582214, 3.755722606406221, 3.7559134539389434, 3.75627267575004, 3.756917711206295, 3.7578908304052296, 3.7590898642446056, 3.76038409871877, 3.761687935503927, 3.762952541111912, 3.7641500708590643, 3.765266153120122, 3.7662964765863123, 3.7672441592834804], [3.755263461878961, 3.755219563615724, 3.755191029051689, 3.7551775755653938, 3.7551788732006846, 3.7551947537606685, 3.7552262957247176, 3.7552799134810906, 3.7553814986798417, 3.7556232025579903, 3.7562435113908768, 3.7573776202609688, 3.758773134355068, 3.7602232475045483, 3.761643030568477, 3.762991769558925, 3.7642462688440976, 3.76539544415549, 3.7664390064789535, 3.767385081183813], [3.7549538712003994, 3.7549160448024423, 3.7548939872953886, 3.754887117566324, 3.7548943413965064, 3.7549135021113638, 3.754940698114326, 3.7549702672124634, 3.754999085285915, 3.7550582905633556, 3.7555429519516212, 3.7569926641092852, 3.7586139734026234, 3.7602052498657663, 3.761724502672175, 3.7631442635494374, 3.764443580972226, 3.7656124865936906, 3.766654664305337, 3.767584624413157], [3.7546760907656482, 3.75464994876551, 3.754641673232157, 3.754651339566817, 3.754678781850632, 3.754722842348671, 3.754779923693701, 3.7548418824857115, 3.754895132269144, 3.754932038028776, 3.7553218224904983, 3.7569845939326063, 3.7586987914711343, 3.7603627476527364, 3.761947266925129, 3.763419398372155, 3.7647487688826033, 3.7659207127032626, 3.7669428775811333, 3.767838841971209], [3.754428801059554, 3.7544195960554987, 3.7544318001816266, 3.754467023236865, 3.7545277487215336, 3.754617187371897, 3.7547387148241858, 3.7548953850563955, 3.755094948426984, 3.7553974548887377, 3.7560951574657873, 3.757425176708477, 3.7590323152111056, 3.760688655942822, 3.76230494263792, 3.7638154989131545, 3.7651628498207863, 3.7663187541385, 3.7672976075137923, 3.7681382174509555], [3.7542095479924695, 3.7542217087585508, 3.7542596237974464, 3.754326841672556, 3.7544294354721215, 3.754576978115232, 3.7547837109611772, 3.755070257470516, 3.7554655060573507, 3.7560101365072778, 3.756820089977895, 3.7580189027987814, 3.759506995017927, 3.7611270824841583, 3.762764771428359, 3.764318023789145, 3.765681585699432, 3.766798985596153, 3.767704490525049, 3.768465222207613], [3.7540150357002466, 3.754051959675765, 3.7541189314026906, 3.7542211068371634, 3.754367792850958, 3.7545745325967617, 3.7548656527684345, 3.755277358550675, 3.7558590178432287, 3.756604177668014, 3.757432925809401, 3.758574656764448, 3.7599964557447265, 3.761594902834231, 3.763268324766788, 3.764897916268318, 3.7662999571984166, 3.7673435847558037, 3.7681355223186834, 3.768790925878838], [3.7538414847166544, 3.753905686497327, 3.7540034130320517, 3.7541403456739686, 3.7543273963893773, 3.7545836023189465, 3.754939002919397, 3.7554358077982966, 3.7561231696384008, 3.756975587690308, 3.7578602904326526, 3.7590074833432787, 3.7604097179169353, 3.7620053736947248, 3.7637274071295197, 3.7654893717112645, 3.7670367482693186, 3.76791222030059, 3.768539187092203, 3.769071168584057], [3.7536849116797533, 3.7537785099370073, 3.7539079341116914, 3.7540777644335654, 3.754298013659158, 3.75458776451679, 3.7549783561517445, 3.755511408024498, 3.7562207868044797, 3.757089705189068, 3.758093864794385, 3.7592906435207913, 3.760696455468925, 3.762285782576743, 3.7640254356163867, 3.765886936757006, 3.767860879158521, 3.7684463234187984, 3.7688118972178035, 3.769248026012603], [3.753541183954774, 3.753666581990402, 3.753829222977254, 3.7540307519620675, 3.7542773045977356, 3.754584164913476, 3.7549813428317287, 3.755514418560559, 3.7562271031005205, 3.757128250443107, 3.7582008913357177, 3.7594407643871595, 3.7608451132994105, 3.762400646921851, 3.7640833948295436, 3.7658409536082345, 3.7674567658819185, 3.768339787469342, 3.7688209543102515, 3.76927688677614], [3.7534057481943948, 3.7535662563326384, 3.753765611267892, 3.7540009346582135, 3.7542713854295546, 3.754583655456994, 3.7549622099737126, 3.755462788509225, 3.756164808014485, 3.7571021689633852, 3.7582289911992395, 3.7594944395915957, 3.760876793966705, 3.762365403240866, 3.7639366586587886, 3.7655150519799117, 3.7669141755160025, 3.7679199542668536, 3.7686076625938947, 3.7691676402368466], [3.753273021330423, 3.753473095958509, 3.7537156154356905, 3.75399246852583, 3.7542934090224587, 3.754610835553382, 3.7549528157896326, 3.7553774332984373, 3.7560415839445724, 3.7570378017809287, 3.7582258037521585, 3.7594996968095233, 3.760834022239618, 3.762228292260838, 3.763674605189745, 3.7651152970807713, 3.7664224890634355, 3.7674823602779153, 3.7683037398026524, 3.76897262164199], [3.7531355593505755, 3.753380315726742, 3.753675342158019, 3.7540081860760735, 3.7543589302152274, 3.7547023851255887, 3.7550170078886143, 3.755316000491236, 3.755867729057631, 3.757007690328776, 3.7582601345329256, 3.7595133444937003, 3.760768418829217, 3.762041712312508, 3.7633628198840734, 3.764717965619491, 3.765991707074838, 3.7670870647548327, 3.767991213491261, 3.7687449028634514], [3.7529832694220624, 3.7532770120406616, 3.7536350957399813, 3.7540436613835935, 3.7544760513970057, 3.754892595937906, 3.7552486462722983, 3.7555139010591745, 3.7559348842198887, 3.757186939533868, 3.758410757001776, 3.7595879762613196, 3.7607322658941027, 3.76185540104542, 3.7630333963326037, 3.7643629424776712, 3.765637563642381, 3.766756564706365, 3.767709876109109, 3.7685211094940256], [3.75280306883298, 3.753146811513608, 3.7535761415512408, 3.754080728213685, 3.754632668562993, 3.755183034058684, 3.755677715501238, 3.7561203715887257, 3.756717013983051, 3.7576539165623384, 3.758701315441095, 3.759746422572962, 3.76076974762425, 3.7617574998353556, 3.7627381585768243, 3.764120723459659, 3.765383975688685, 3.766503805813362, 3.7674783630537285, 3.768322305449533], [3.752579464997856, 3.7529677663258756, 3.753468946752597, 3.754082916692665, 3.7547885526303677, 3.755528919809377, 3.7562206800144713, 3.756833268164918, 3.7574653077231375, 3.758218530441361, 3.759066895950856, 3.759962805347176, 3.760884249624665, 3.7618265253008483, 3.7628548590111346, 3.7640483053614417, 3.7652380826081617, 3.76632972289534, 3.767301965626725, 3.7681578611822815], [3.7522964737021973, 3.752714388262386, 3.7532742724806103, 3.753993961815582, 3.754872998608999, 3.755854636939679, 3.7567844898026768, 3.7575223066515835, 3.7581297568655376, 3.758734829046231, 3.7594079327999186, 3.760169772750597, 3.7610152302873, 3.7619381625428527, 3.7629534118404147, 3.7640560449237164, 3.765169371966791, 3.76622045719992, 3.767175925421651, 3.7680287138377655], [3.7519410145255145, 3.7523626089832653, 3.7529489932742566, 3.7537406496563226, 3.7547774769264493, 3.756048162793346, 3.7573020793775393, 3.758116666659945, 3.75865233641797, 3.7591054482102457, 3.759622616029729, 3.7602815582760094, 3.7610824319230374, 3.761998402040515, 3.763004839378856, 3.764069013725328, 3.7651369285291785, 3.7661547969184292, 3.7670896664170237, 3.767930382285316], [3.7515072732046164, 3.7518976975011578, 3.7524591948091226, 3.753248630534207, 3.754350518922709, 3.755864924586872, 3.7576993508673393, 3.7584326880691314, 3.758932257515717, 3.75921716252604, 3.759600534542512, 3.760211035548978, 3.761020067330922, 3.7619644900337743,